"","year","week","date","adeno","rsv","rvev","rv","ev","test","age","hmpv"
"1",2014,1,2014-01-04,39,6,22,22,0,2164,NA,NA
"2",2014,2,2014-01-11,33,6,18,17,1,2412,NA,NA
"3",2014,3,2014-01-18,28,4,12,12,0,2307,NA,NA
"4",2014,4,2014-01-25,20,20,13,12,1,2589,NA,NA
"5",2014,5,2014-02-01,17,12,10,10,0,2676,NA,NA
"6",2014,6,2014-02-08,27,12,12,10,2,3042,NA,NA
"7",2014,7,2014-02-15,42,21,148,139,9,2588,NA,NA
"8",2014,8,2014-02-22,46,33,152,141,9,2879,NA,NA
"9",2014,9,2014-03-01,36,46,170,160,8,2882,NA,NA
"10",2014,10,2014-03-08,32,48,207,189,17,2516,NA,NA
"11",2014,11,2014-03-15,28,71,201,198,3,2433,NA,NA
"12",2014,12,2014-03-22,35,97,263,258,4,2553,NA,NA
"13",2014,13,2014-03-29,46,152,266,197,12,2533,NA,NA
"14",2014,14,2014-04-05,40,128,240,77,3,2186,NA,NA
"15",2014,15,2014-04-12,49,186,312,83,6,2552,NA,NA
"16",2014,16,2014-04-19,47,146,273,84,3,2309,NA,NA
"17",2014,17,2014-04-26,23,148,274,86,14,2297,NA,NA
"18",2014,18,2014-05-03,69,117,259,94,15,2193,NA,NA
"19",2014,19,2014-05-10,40,76,246,85,14,1933,NA,NA
"20",2014,20,2014-05-17,35,64,253,82,20,1919,NA,NA
"21",2014,21,2014-05-24,56,71,302,64,36,1972,NA,NA
"22",2014,22,2014-05-31,64,104,332,65,29,2061,NA,NA
"23",2014,23,2014-06-07,54,114,324,70,36,2132,NA,NA
"24",2014,24,2014-06-14,73,119,301,58,43,2183,NA,NA
"25",2014,25,2014-06-21,55,89,226,54,41,2048,NA,NA
"26",2014,26,2014-06-28,77,67,216,52,60,1825,NA,NA
"27",2014,27,2014-07-05,84,78,251,55,52,1867,NA,NA
"28",2014,28,2014-07-12,99,95,261,47,52,1945,NA,NA
"29",2014,29,2014-07-19,73,101,207,57,45,1924,NA,NA
"30",2014,30,2014-07-26,97,83,156,57,46,1728,NA,NA
"31",2014,31,2014-08-02,73,82,123,67,31,1709,NA,NA
"32",2014,32,2014-08-09,82,72,92,55,21,1653,NA,NA
"33",2014,33,2014-08-16,60,67,131,79,20,1549,NA,NA
"34",2014,34,2014-08-23,49,52,113,68,23,1480,NA,NA
"35",2014,35,2014-08-30,64,61,137,81,30,1638,NA,NA
"36",2014,36,2014-09-06,50,74,124,73,11,1844,NA,NA
"37",2014,37,2014-09-13,55,78,181,84,9,1848,NA,NA
"38",2014,38,2014-09-20,74,53,253,75,11,1949,NA,NA
"39",2014,39,2014-09-27,59,60,261,91,14,1983,NA,NA
"40",2014,40,2014-10-04,67,86,275,111,11,1912,NA,NA
"41",2014,41,2014-10-11,74,65,276,73,8,1857,NA,NA
"42",2014,42,2014-10-18,83,37,294,86,10,1898,NA,NA
"43",2014,43,2014-10-25,53,34,305,92,5,1797,NA,NA
"44",2014,44,2014-11-01,95,26,307,80,9,1962,NA,NA
"45",2014,45,2014-11-08,105,29,294,92,7,1964,NA,NA
"46",2014,46,2014-11-15,116,24,305,108,5,1812,NA,NA
"47",2014,47,2014-11-22,94,28,372,79,9,2102,NA,NA
"48",2014,48,2014-11-29,125,33,319,78,2,2140,NA,NA
"49",2014,49,2014-12-06,117,37,277,91,10,2045,NA,NA
"50",2014,50,2014-12-13,120,55,291,77,7,2158,NA,NA
"51",2014,51,2014-12-20,140,50,314,100,2,2373,NA,NA
"52",2014,52,2014-12-27,89,46,269,107,2,2495,NA,NA
"53",2015,1,2015-01-03,134,51,266,91,1,3069,NA,NA
"54",2015,2,2015-01-10,105,64,289,96,3,3351,NA,NA
"55",2015,3,2015-01-17,110,49,215,83,0,3392,NA,NA
"56",2015,4,2015-01-24,100,70,248,115,2,4315,NA,NA
"57",2015,5,2015-01-31,82,84,304,111,4,5187,NA,NA
"58",2015,6,2015-02-07,88,69,230,49,2,4854,NA,NA
"59",2015,7,2015-02-14,94,90,199,119,2,4650,NA,NA
"60",2015,8,2015-02-21,94,70,215,109,1,4049,NA,NA
"61",2015,9,2015-02-28,85,120,214,79,2,4714,NA,NA
"62",2015,10,2015-03-07,57,70,145,89,9,4145,NA,NA
"63",2015,11,2015-03-14,44,72,131,76,5,3800,NA,NA
"64",2015,12,2015-03-21,46,97,255,77,1,4093,NA,NA
"65",2015,13,2015-03-28,57,103,257,42,2,3640,NA,NA
"66",2015,14,2015-04-04,38,80,235,62,1,2767,NA,NA
"67",2015,15,2015-04-11,39,137,362,78,7,4054,NA,NA
"68",2015,16,2015-04-18,37,129,313,35,6,3275,NA,NA
"69",2015,17,2015-04-25,23,83,290,89,10,3093,NA,NA
"70",2015,18,2015-05-02,36,108,357,47,10,2989,NA,NA
"71",2015,19,2015-05-09,34,95,358,28,5,2956,NA,NA
"72",2015,20,2015-05-16,35,89,368,82,27,2875,NA,NA
"73",2015,21,2015-05-23,38,91,370,58,27,2786,NA,NA
"74",2015,22,2015-05-30,36,119,346,77,27,2963,NA,NA
"75",2015,23,2015-06-06,58,123,342,46,24,3337,NA,NA
"76",2015,24,2015-06-13,61,125,406,91,60,3815,NA,NA
"77",2015,25,2015-06-20,54,134,326,25,20,3480,NA,NA
"78",2015,26,2015-06-27,55,149,346,75,55,4086,NA,NA
"79",2015,27,2015-07-04,46,170,279,39,36,3825,NA,NA
"80",2015,28,2015-07-11,63,174,267,60,44,3420,NA,NA
"81",2015,29,2015-07-18,43,173,262,66,20,3186,NA,NA
"82",2015,30,2015-07-25,29,147,205,58,18,2793,NA,NA
"83",2015,31,2015-08-01,38,113,211,74,31,2799,NA,NA
"84",2015,32,2015-08-08,32,133,240,75,33,2898,NA,NA
"85",2015,33,2015-08-15,36,131,247,69,28,2883,NA,NA
"86",2015,34,2015-08-22,34,136,219,52,17,2599,NA,NA
"87",2015,35,2015-08-29,49,112,248,78,22,2759,NA,NA
"88",2015,36,2015-09-05,35,119,279,76,23,2501,NA,NA
"89",2015,37,2015-09-12,33,126,382,65,15,2669,NA,NA
"90",2015,38,2015-09-19,33,128,513,90,7,2926,NA,NA
"91",2015,39,2015-09-26,43,88,499,108,9,2832,NA,NA
"92",2015,40,2015-10-03,37,107,504,68,13,2681,NA,NA
"93",2015,41,2015-10-10,45,90,428,81,7,2708,NA,NA
"94",2015,42,2015-10-17,36,74,376,87,10,2749,NA,NA
"95",2015,43,2015-10-24,55,64,421,81,18,2890,NA,NA
"96",2015,44,2015-10-31,40,66,394,85,19,2911,NA,NA
"97",2015,45,2015-11-07,51,42,400,86,13,2921,NA,NA
"98",2015,46,2015-11-14,46,38,326,74,14,2802,NA,NA
"99",2015,47,2015-11-21,41,43,330,72,20,2770,NA,NA
"100",2015,48,2015-11-28,49,54,368,66,38,2792,NA,NA
"101",2015,49,2015-12-05,50,57,373,73,24,3017,NA,NA
"102",2015,50,2015-12-12,42,49,397,63,29,2874,NA,NA
"103",2015,51,2015-12-19,50,56,381,82,21,3077,NA,NA
"104",2015,52,2015-12-26,30,42,338,80,25,3232,NA,NA
"105",2016,1,2016-01-02,35,78,318,66,17,3124,NA,NA
"106",2016,2,2016-01-09,44,90,334,66,18,3204,NA,NA
"107",2016,3,2016-01-16,39,96,269,72,19,3096,NA,NA
"108",2016,4,2016-01-23,47,125,307,84,15,3280,NA,NA
"109",2016,5,2016-01-30,21,130,330,64,20,3537,NA,NA
"110",2016,6,2016-02-06,49,157,290,84,16,3935,NA,NA
"111",2016,7,2016-02-13,56,183,272,85,15,4544,NA,NA
"112",2016,8,2016-02-20,61,219,271,81,9,4896,NA,NA
"113",2016,9,2016-02-27,64,190,217,90,15,4959,NA,NA
"114",2016,10,2016-03-05,66,184,258,75,10,5110,NA,NA
"115",2016,11,2016-03-12,56,157,244,69,7,4651,NA,NA
"116",2016,12,2016-03-19,63,166,270,78,21,4247,NA,NA
"117",2016,13,2016-03-26,74,148,241,63,17,3241,NA,NA
"118",2016,14,2016-04-02,64,195,349,75,35,5273,NA,NA
"119",2016,15,2016-04-09,76,119,285,73,21,4159,NA,NA
"120",2016,16,2016-04-16,76,132,305,73,23,4070,NA,NA
"121",2016,17,2016-04-23,43,172,411,69,24,4116,NA,NA
"122",2016,18,2016-04-30,57,180,536,103,17,4342,NA,NA
"123",2016,19,2016-05-07,61,153,608,68,35,4017,NA,NA
"124",2016,20,2016-05-14,63,158,425,50,35,3435,NA,NA
"125",2016,21,2016-05-21,132,164,600,66,48,4530,NA,NA
"126",2016,22,2016-05-28,87,123,510,59,31,3783,NA,NA
"127",2016,23,2016-06-04,106,120,521,55,40,3806,NA,NA
"128",2016,24,2016-06-11,106,120,444,54,42,3304,NA,NA
"129",2016,25,2016-06-18,107,119,438,56,32,3262,NA,NA
"130",2016,26,2016-06-25,134,101,479,51,47,3455,NA,NA
"131",2016,27,2016-07-02,132,105,360,65,32,2982,NA,NA
"132",2016,28,2016-07-09,116,140,363,52,37,3087,NA,NA
"133",2016,29,2016-07-16,122,135,336,66,28,3236,NA,NA
"134",2016,30,2016-07-23,159,149,310,60,38,3206,NA,NA
"135",2016,31,2016-07-30,122,155,251,69,23,3091,NA,NA
"136",2016,32,2016-08-06,115,147,220,75,18,3035,NA,NA
"137",2016,33,2016-08-13,96,112,164,64,26,3045,NA,NA
"138",2016,34,2016-08-20,84,109,128,62,28,2845,NA,NA
"139",2016,35,2016-08-27,93,116,147,66,31,3066,NA,NA
"140",2016,36,2016-09-03,54,105,156,71,23,3025,NA,NA
"141",2016,37,2016-09-10,65,100,178,64,18,3040,NA,NA
"142",2016,38,2016-09-17,53,110,257,86,13,3328,NA,NA
"143",2016,39,2016-09-24,65,128,427,76,14,3933,NA,NA
"144",2016,40,2016-10-01,54,89,373,70,13,3285,NA,NA
"145",2016,41,2016-10-08,73,92,469,82,15,3732,NA,NA
"146",2016,42,2016-10-15,83,74,367,69,21,3359,NA,NA
"147",2016,43,2016-10-22,80,64,330,73,18,3105,NA,NA
"148",2016,44,2016-10-29,119,62,347,62,26,3364,NA,NA
"149",2016,45,2016-11-05,104,74,342,69,22,3286,NA,NA
"150",2016,46,2016-11-12,109,68,348,70,14,3413,NA,NA
"151",2016,47,2016-11-19,105,80,419,77,17,3588,NA,NA
"152",2016,48,2016-11-26,100,64,420,72,22,3464,NA,NA
"153",2016,49,2016-12-03,91,97,392,79,12,3519,NA,NA
"154",2016,50,2016-12-10,106,61,448,81,9,3657,NA,NA
"155",2016,51,2016-12-17,118,59,437,79,15,3786,NA,NA
"156",2016,52,2016-12-24,116,69,395,84,9,3657,NA,NA
"157",2016,53,2016-12-31,137,71,421,87,9,3508,NA,NA
"158",2017,1,2017-01-07,161,75,374,90,5,3777,NA,NA
"159",2017,2,2017-01-14,123,81,422,98,5,3999,NA,NA
"160",2017,3,2017-01-21,122,96,398,81,2,3780,NA,NA
"161",2017,4,2017-01-28,100,87,404,70,4,3464,NA,NA
"162",2017,5,2017-02-04,103,133,413,103,3,4405,NA,NA
"163",2017,6,2017-02-11,96,116,325,79,9,4104,NA,NA
"164",2017,7,2017-02-18,104,73,285,84,6,4209,NA,NA
"165",2017,8,2017-02-25,57,96,254,89,7,4321,NA,NA
"166",2017,9,2017-03-04,71,95,257,89,5,4103,NA,NA
"167",2017,10,2017-03-11,102,87,297,89,5,4222,NA,NA
"168",2017,11,2017-03-18,76,96,291,78,5,4167,NA,NA
"169",2017,12,2017-03-25,82,79,256,90,10,4095,NA,NA
"170",2017,13,2017-04-01,82,84,290,85,7,4116,NA,NA
"171",2017,14,2017-04-08,114,97,324,95,5,4084,NA,NA
"172",2017,15,2017-04-15,83,63,221,73,6,3202,NA,NA
"173",2017,16,2017-04-22,162,130,421,101,3,4951,NA,NA
"174",2017,17,2017-04-29,130,98,294,77,7,3948,NA,NA
"175",2017,18,2017-05-06,126,77,334,83,9,4121,NA,NA
"176",2017,19,2017-05-13,124,81,374,86,7,4157,NA,NA
"177",2017,20,2017-05-20,125,89,420,73,9,4366,NA,NA
"178",2017,21,2017-05-27,112,68,499,84,12,4412,NA,NA
"179",2017,22,2017-06-03,142,65,507,75,14,4691,NA,NA
"180",2017,23,2017-06-10,137,61,463,68,15,4456,NA,NA
"181",2017,24,2017-06-17,142,81,413,76,29,4429,NA,NA
"182",2017,25,2017-06-24,134,79,332,60,32,4441,NA,NA
"183",2017,26,2017-07-01,180,113,392,44,35,4883,NA,NA
"184",2017,27,2017-07-08,200,167,477,57,51,6153,NA,NA
"185",2017,28,2017-07-15,154,201,459,50,48,6753,NA,NA
"186",2017,29,2017-07-22,152,271,380,51,37,6839,NA,NA
"187",2017,30,2017-07-29,142,301,311,62,34,6791,NA,NA
"188",2017,31,2017-08-05,91,299,294,62,31,5742,NA,NA
"189",2017,32,2017-08-12,116,358,203,42,47,5099,NA,NA
"190",2017,33,2017-08-19,78,341,194,59,35,4590,NA,NA
"191",2017,34,2017-08-26,68,395,206,59,44,4214,NA,NA
"192",2017,35,2017-09-02,79,323,220,68,19,3835,NA,NA
"193",2017,36,2017-09-09,56,375,252,76,13,3774,NA,NA
"194",2017,37,2017-09-16,58,401,363,78,17,4046,NA,NA
"195",2017,38,2017-09-23,75,337,502,96,4,4123,NA,NA
"196",2017,39,2017-09-30,61,329,487,91,3,3898,NA,NA
"197",2017,40,2017-10-07,79,282,492,81,14,3560,NA,NA
"198",2017,41,2017-10-14,87,259,482,73,9,3838,NA,NA
"199",2017,42,2017-10-21,98,206,444,90,12,3653,NA,NA
"200",2017,43,2017-10-28,108,120,436,77,13,3348,NA,NA
"201",2017,44,2017-11-04,107,91,476,91,12,4171,NA,NA
"202",2017,45,2017-11-11,95,74,448,72,9,3891,NA,NA
"203",2017,46,2017-11-18,95,37,404,95,8,3780,NA,NA
"204",2017,47,2017-11-25,93,30,398,95,6,3667,NA,NA
"205",2017,48,2017-12-02,94,26,370,89,6,3792,NA,NA
"206",2017,49,2017-12-09,98,33,413,99,3,3882,NA,NA
"207",2017,50,2017-12-16,73,17,437,104,0,4094,NA,NA
"208",2017,51,2017-12-23,75,24,405,96,4,4085,NA,NA
"209",2017,52,2017-12-30,105,20,418,107,2,4518,NA,NA
"210",2018,1,2018-01-06,90,28,411,86,2,4692,NA,34
"211",2018,2,2018-01-13,98,18,389,102,2,5105,NA,27
"212",2018,3,2018-01-20,102,29,461,96,2,7176,NA,52
"213",2018,4,2018-01-27,81,45,468,89,6,7562,NA,72
"214",2018,5,2018-02-03,97,68,456,92,0,7399,NA,62
"215",2018,6,2018-02-10,90,47,453,106,0,8350,NA,89
"216",2018,7,2018-02-17,47,35,296,68,0,6322,NA,81
"217",2018,8,2018-02-24,93,57,491,119,1,9638,NA,119
"218",2018,9,2018-03-03,82,66,365,96,0,7363,NA,138
"219",2018,10,2018-03-10,83,87,338,97,3,6375,NA,135
"220",2018,11,2018-03-17,52,82,366,96,3,5655,NA,198
"221",2018,12,2018-03-24,58,107,460,78,1,5426,NA,184
"222",2018,13,2018-03-31,42,61,444,84,0,3988,NA,133
"223",2018,14,2018-04-07,72,93,654,110,1,5831,NA,247
"224",2018,15,2018-04-14,48,71,524,83,3,4503,NA,185
"225",2018,16,2018-04-21,55,67,461,113,1,4308,NA,177
"226",2018,17,2018-04-28,48,59,509,93,3,4348,NA,167
"227",2018,18,2018-05-05,51,61,564,98,5,4334,NA,208
"228",2018,19,2018-05-12,60,71,502,84,11,4205,NA,227
"229",2018,20,2018-05-19,46,88,526,85,13,4329,NA,248
"230",2018,21,2018-05-26,44,84,489,81,20,4229,NA,272
"231",2018,22,2018-06-02,44,141,456,67,14,4201,NA,269
"232",2018,23,2018-06-09,39,114,383,79,26,4004,NA,211
"233",2018,24,2018-06-16,38,161,325,80,20,4102,NA,195
"234",2018,25,2018-06-23,35,125,324,81,14,3927,NA,222
"235",2018,26,2018-06-30,53,153,340,72,35,3985,NA,203
"236",2018,27,2018-07-07,71,160,360,61,21,3835,NA,196
"237",2018,28,2018-07-14,54,207,342,70,41,3848,NA,176
"238",2018,29,2018-07-21,61,222,430,69,31,4238,NA,154
"239",2018,30,2018-07-28,43,197,317,62,25,4801,NA,144
"240",2018,31,2018-08-04,43,213,285,72,30,4077,NA,120
"241",2018,32,2018-08-11,46,236,249,66,31,4183,NA,118
"242",2018,33,2018-08-18,34,227,241,55,32,4149,NA,104
"243",2018,34,2018-08-25,42,258,247,61,35,4190,NA,93
"244",2018,35,2018-09-01,55,250,245,68,26,4245,NA,83
"245",2018,36,2018-09-08,57,236,270,56,26,4207,NA,50
"246",2018,37,2018-09-15,58,229,426,46,16,4321,NA,49
"247",2018,38,2018-09-22,46,206,456,83,42,3991,NA,32
"248",2018,39,2018-09-29,46,205,455,68,30,4083,NA,39
"249",2018,40,2018-10-06,66,194,498,72,21,4200,NA,36
"250",2018,41,2018-10-13,61,126,521,96,11,4299,NA,27
"251",2018,42,2018-10-20,52,101,484,94,14,4006,NA,18
"252",2018,43,2018-10-27,53,102,547,85,11,4256,NA,23
"253",2018,44,2018-11-03,71,83,546,77,26,4449,NA,38
"254",2018,45,2018-11-10,76,69,573,104,11,4562,NA,30
"255",2018,46,2018-11-17,67,62,553,112,12,4513,NA,14
"256",2018,47,2018-11-24,81,57,551,96,11,4522,NA,16
"257",2018,48,2018-12-01,61,57,607,87,7,4585,NA,15
"258",2018,49,2018-12-08,91,65,710,97,19,5265,NA,22
"259",2018,50,2018-12-15,81,73,616,85,10,4934,NA,28
"260",2018,51,2018-12-22,77,82,621,100,3,5673,NA,32
"261",2018,52,2018-12-29,80,101,599,72,11,5541,NA,36
"262",2019,1,2019-01-05,81,113,519,88,24,6055,NA,49
"263",2019,2,2019-01-12,109,141,581,88,17,7326,NA,75
"264",2019,3,2019-01-19,99,211,633,98,19,7707,NA,64
"265",2019,4,2019-01-26,98,212,702,98,14,7826,NA,94
"266",2019,5,2019-02-02,83,207,602,99,18,7095,NA,83
"267",2019,6,2019-02-09,52,126,492,86,10,6073,NA,97
"268",2019,7,2019-02-16,77,138,464,90,19,6374,NA,133
"269",2019,8,2019-02-23,75,188,433,85,22,6243,NA,142
"270",2019,9,2019-03-02,59,146,449,78,26,6164,NA,166
"271",2019,10,2019-03-09,79,175,509,72,21,5973,NA,232
"272",2019,11,2019-03-16,63,173,627,67,43,5964,NA,245
"273",2019,12,2019-03-23,76,181,674,77,23,6475,NA,312
"274",2019,13,2019-03-30,70,157,694,67,47,6117,NA,315
"275",2019,14,2019-04-06,75,154,660,74,48,5410,NA,290
"276",2019,15,2019-04-13,83,123,666,59,47,6209,NA,358
"277",2019,16,2019-04-20,60,123,551,60,39,4306,NA,236
"278",2019,17,2019-04-27,81,159,684,66,52,6579,NA,366
"279",2019,18,2019-05-04,77,119,502,56,51,5439,NA,261
"280",2019,19,2019-05-11,74,95,531,54,47,5433,NA,277
"281",2019,20,2019-05-18,97,91,520,54,42,5508,NA,232
"282",2019,21,2019-05-25,79,106,559,65,39,5585,NA,239
"283",2019,22,2019-06-01,79,79,536,64,39,5059,NA,228
"284",2019,23,2019-06-08,54,77,451,60,43,4818,NA,167
"285",2019,24,2019-06-15,76,87,519,54,33,5527,NA,189
"286",2019,25,2019-06-22,85,86,468,57,45,5401,NA,152
"287",2019,26,2019-06-29,95,109,462,53,48,5262,NA,168
"288",2019,27,2019-07-06,100,79,390,55,43,4800,NA,119
"289",2019,28,2019-07-13,141,125,397,55,39,5033,NA,112
"290",2019,29,2019-07-20,119,149,432,50,51,5210,NA,89
"291",2019,30,2019-07-27,105,130,322,46,45,4746,NA,89
"292",2019,31,2019-08-03,113,140,287,49,46,4508,NA,56
"293",2019,32,2019-08-10,122,146,259,62,46,4721,NA,43
"294",2019,33,2019-08-17,73,142,276,79,32,4686,NA,42
"295",2019,34,2019-08-24,99,133,302,61,31,4462,NA,36
"296",2019,35,2019-08-31,72,139,247,64,30,4370,NA,27
"297",2019,36,2019-09-07,84,136,281,69,21,4297,NA,25
"298",2019,37,2019-09-14,64,136,302,61,23,4127,NA,18
"299",2019,38,2019-09-21,109,202,549,93,17,5345,NA,33
"300",2019,39,2019-09-28,70,140,553,94,13,4904,NA,16
"301",2019,40,2019-10-05,103,92,512,85,18,4798,NA,19
"302",2019,41,2019-10-12,77,62,454,98,7,4317,NA,7
"303",2019,42,2019-10-19,73,72,367,87,15,4294,NA,12
"304",2019,43,2019-10-26,94,68,403,83,9,4743,NA,9
"305",2019,44,2019-11-02,94,60,374,78,8,4676,NA,14
"306",2019,45,2019-11-09,86,33,402,101,8,4784,NA,17
"307",2019,46,2019-11-16,79,38,413,91,8,4740,NA,9
"308",2019,47,2019-11-23,78,19,376,102,4,4781,NA,6
"309",2019,48,2019-11-30,73,21,334,106,3,4794,NA,7
"310",2019,49,2019-12-07,63,22,394,100,5,4799,NA,4
"311",2019,50,2019-12-14,70,18,405,104,2,5725,NA,10
"312",2019,51,2019-12-21,45,19,453,111,1,5974,NA,4
"313",2019,52,2019-12-28,56,20,412,92,NA,5366,NA,4
"314",2020,1,2020-01-04,43,47,337,100,3,5711,"All ages",13
"315",2020,2,2020-01-11,96,68,431,94,5,6893,"All ages",27
"316",2020,3,2020-01-18,103,77,495,100,4,6342,"All ages",20
"317",2020,4,2020-01-25,96,85,476,74,4,6294,"All ages",47
"318",2020,5,2020-02-01,77,120,463,89,2,7076,"All ages",42
"319",2020,6,2020-02-08,74,70,241,97,2,5650,"All ages",28
"320",2020,7,2020-02-15,57,35,127,62,1,4965,"All ages",16
"321",2020,8,2020-02-22,12,12,39,1,1,299,"<18",3
"322",2020,9,2020-02-29,13,3,26,0,0,318,"<18",3
"323",2020,10,2020-03-07,11,5,20,2,1,279,"<18",1
"324",2020,11,2020-03-14,16,4,27,1,0,321,"<18",3
"325",2020,12,2020-03-21,18,6,55,1,0,424,"<18",4
"326",2020,13,2020-03-28,14,7,32,1,1,359,"<18",2
"327",2020,14,2020-04-04,9,2,10,3,1,243,"<18",0
"328",2020,15,2020-04-11,8,2,14,0,0,227,"<18",0
"329",2020,16,2020-04-18,10,1,7,1,0,236,"<18",1
"330",2020,17,2020-04-25,6,4,7,0,0,243,"<18",1
"331",2020,18,2020-05-02,7,0,8,1,0,278,"<18",0
"332",2020,19,2020-05-09,9,0,2,2,0,241,"<18",0
"333",2020,20,2020-05-16,6,1,5,0,0,316,"<18",0
"334",2020,21,2020-05-23,11,0,10,3,0,319,"<18",0
"335",2020,22,2020-05-30,4,1,5,1,0,292,"<18",0
"336",2020,23,2020-06-06,6,1,8,1,0,345,"<18",0
"337",2020,24,2020-06-13,7,0,10,3,1,341,"<18",0
"338",2020,25,2020-06-20,7,0,15,3,0,341,"<18",0
"339",2020,26,2020-06-27,8,0,9,3,0,342,"<18",0
"340",2020,27,2020-07-04,7,1,14,3,0,323,"<18",0
"341",2020,28,2020-07-11,10,1,17,0,0,380,"<18",0
"342",2020,29,2020-07-18,4,0,13,2,0,369,"<18",0
"343",2020,30,2020-07-25,3,1,6,2,2,309,"<18",0
"344",2020,31,2020-08-01,4,1,3,0,0,297,"<18",0
"345",2020,32,2020-08-08,3,0,4,0,0,259,"<18",0
"346",2020,33,2020-08-15,6,1,6,0,0,269,"<18",0
"347",2020,34,2020-08-22,6,1,6,2,0,269,"<18",0
"348",2020,35,2020-08-29,4,5,3,0,0,294,"<18",0
"349",2020,36,2020-09-05,4,1,8,0,0,258,"<18",0
"350",2020,37,2020-09-12,2,3,7,0,0,295,"<18",0
"351",2020,38,2020-09-19,4,6,15,0,1,327,"<18",0
"352",2020,39,2020-09-26,8,6,18,1,1,351,"<18",0
"353",2020,40,2020-10-03,5,4,8,0,0,340,"<18",1
"354",2020,41,2020-10-10,6,4,10,3,1,363,"<18",0
"355",2020,42,2020-10-17,9,6,19,0,1,338,"<18",0
"356",2020,43,2020-10-24,6,5,45,1,0,406,"<18",0
"357",2020,44,2020-10-31,10,0,89,7,0,426,"<18",0
"358",2020,45,2020-11-07,10,2,147,5,0,469,"<18",0
"359",2020,46,2020-11-14,8,1,258,6,0,548,"<18",0
"360",2020,47,2020-11-21,3,2,260,12,0,523,"<18",0
"361",2020,48,2020-11-28,8,0,178,5,0,481,"<18",0
"362",2020,49,2020-12-05,5,0,78,3,0,392,"<18",1
"363",2020,50,2020-12-12,0,1,57,0,0,332,"<18",1
"364",2020,51,2020-12-19,3,0,29,2,0,305,"<18",0
"365",2020,52,2020-12-26,6,0,13,1,0,336,"<18",0
"366",2021,1,2021-01-02,11,1,26,0,0,368,"<18",0
"367",2021,2,2021-01-09,8,1,10,0,0,313,"<18",0
"368",2021,3,2021-01-16,5,0,12,0,0,347,"<18",0
"369",2021,4,2021-01-23,6,0,13,1,0,407,"<18",0
"370",2021,5,2021-01-30,10,0,15,1,0,424,"<18",2
"371",2021,6,2021-02-06,7,0,11,1,0,349,"<18",2
"372",2021,7,2021-02-13,10,1,17,3,0,380,"<18",3
"373",2021,8,2021-02-20,10,2,23,2,0,430,"<18",0
"374",2021,9,2021-02-27,5,0,16,0,0,423,"<18",1
"375",2021,10,2021-03-06,5,0,17,4,0,403,"<18",0
"376",2021,11,2021-03-13,7,1,27,3,0,429,"<18",0
"377",2021,12,2021-03-20,8,0,44,3,0,435,"<18",0
"378",2021,13,2021-03-27,8,0,44,4,0,417,"<18",0
"379",2021,14,2021-04-03,9,0,75,12,0,506,"<18",0
"380",2021,15,2021-04-10,4,1,55,7,0,459,"<18",1
"381",2021,16,2021-04-17,11,0,50,3,0,489,"<18",3
"382",2021,17,2021-04-24,5,1,65,6,0,401,"<18",2
"383",2021,18,2021-05-01,7,1,70,8,0,300,"<18",1
"384",2021,19,2021-05-08,2,0,70,3,0,279,"<18",0
"385",2021,20,2021-05-15,3,0,66,1,0,257,"<18",0
"386",2021,21,2021-05-22,4,0,52,0,0,174,"<18",0
"387",2021,22,2021-05-29,1,1,34,0,0,154,"<18",0
"388",2021,23,2021-06-05,4,0,31,4,0,152,"<18",1
"389",2021,24,2021-06-12,2,1,24,0,0,135,"<18",0
"390",2021,25,2021-06-19,3,2,39,1,0,131,"<18",0
"391",2021,26,2021-06-26,3,1,31,0,0,142,"<18",0
"392",2021,27,2021-07-03,7,0,28,0,0,146,"<18",0
"393",2021,28,2021-07-10,8,1,25,0,0,153,"<18",0
"394",2021,29,2021-07-17,3,0,33,0,0,136,"<18",0
"395",2021,30,2021-07-24,2,1,24,0,0,155,"<18",0
"396",2021,31,2021-07-31,4,1,27,0,0,160,"<18",0
"397",2021,32,2021-08-07,3,2,11,0,0,135,"<18",0
"398",2021,33,2021-08-14,5,2,12,0,0,154,"<18",0
"399",2021,34,2021-08-21,6,3,17,0,0,144,"<18",0
"400",2021,35,2021-08-28,0,3,22,0,0,155,"<18",0
"401",2021,36,2021-09-04,8,6,26,0,0,150,"<18",0
"402",2021,37,2021-09-11,2,1,25,1,0,181,"<18",0
"403",2021,38,2021-09-18,4,2,39,0,0,203,"<18",0
"404",2021,39,2021-09-25,2,2,66,0,0,214,"<18",0
"405",2021,40,2021-10-02,3,9,89,2,0,250,"<18",0
"406",2021,41,2021-10-09,3,9,69,0,0,246,"<18",0
"407",2021,42,2021-10-16,9,7,70,1,0,304,"<18",0
"408",2021,43,2021-10-23,10,13,56,4,0,308,"<18",1
"409",2021,44,2021-10-30,6,9,93,5,0,328,"<18",0
"410",2021,45,2021-11-06,7,10,96,6,0,344,"<18",0
"411",2021,46,2021-11-13,3,11,77,13,0,298,"<18",0
"412",2021,47,2021-11-20,4,12,89,13,0,342,"<18",0
"413",2021,48,2021-11-27,5,23,94,9,0,360,"<18",0
"414",2021,49,2021-12-04,7,30,87,10,0,395,"<18",0
"415",2021,50,2021-12-11,7,37,89,7,0,418,"<18",0
"416",2021,51,2021-12-18,4,32,77,4,0,413,"<18",0
"417",2021,52,2021-12-25,5,66,132,9,0,534,"<18",0
"418",2022,1,2022-01-01,7,50,87,6,0,462,"<18",0
"419",2022,2,2022-01-08,12,34,81,9,0,585,"<18",0
"420",2022,3,2022-01-15,6,41,101,14,0,563,"<18",0
"421",2022,4,2022-01-22,11,35,64,5,0,443,"<18",0
"422",2022,5,2022-01-29,18,22,38,2,0,450,"<18",1
"423",2022,6,2022-02-05,10,16,23,0,0,430,"<18",0
"424",2022,7,2022-02-12,6,12,18,1,0,488,"<18",0
"425",2022,8,2022-02-19,7,3,13,0,0,786,"<18",0
"426",2022,9,2022-02-26,1,1,10,0,0,881,"<18",0
"427",2022,10,2022-03-05,6,2,9,0,0,777,"<18",0
"428",2022,11,2022-03-12,3,0,7,1,0,594,"<18",0
"429",2022,12,2022-03-19,6,0,7,0,0,403,"<18",0
"430",2022,13,2022-03-26,3,0,1,0,0,290,"<18",0
"431",2022,14,2022-04-02,3,0,0,0,0,297,"<18",0
"432",2022,15,2022-04-09,6,0,1,0,0,246,"<18",0
"433",2022,16,2022-04-16,9,0,0,0,0,280,"<18",0
"434",2022,17,2022-04-23,7,1,0,0,0,279,"<18",0
"435",2022,18,2022-04-30,11,0,0,0,0,363,"<18",0
"436",2022,19,2022-05-07,14,0,2,1,0,391,"<18",0
"437",2022,20,2022-05-14,9,1,0,0,0,392,"<18",1
"438",2022,21,2022-05-21,9,2,3,1,1,412,"<18",0
"439",2022,22,2022-05-28,3,0,2,1,0,396,"<18",2
"440",2022,23,2022-06-04,2,2,18,13,1,423,"<18",0
"441",2022,24,2022-06-11,5,0,63,49,1,641,"<18",0
"442",2022,25,2022-06-18,4,2,132,101,0,623,"<18",0
"443",2022,26,2022-06-25,5,0,210,92,0,763,"<18",2
"444",2022,27,2022-07-02,9,0,194,93,0,617,"<18",1
"445",2022,28,2022-07-09,12,3,166,86,2,829,"<18",1
"446",2022,29,2022-07-16,2,0,82,53,3,654,"<18",0
"447",2022,30,2022-07-23,1,0,44,44,0,516,"All ages",1
"448",2022,31,2022-07-30,4,1,51,49,0,537,"All ages",1
"449",2022,32,2022-08-06,4,0,40,37,1,544,"All ages",0
"450",2022,33,2022-08-13,3,0,41,40,0,569,"All ages",0
"451",2022,34,2022-08-20,1,2,31,28,1,634,"All ages",1
"452",2022,35,2022-08-27,5,1,42,39,2,658,"All ages",0
"453",2022,36,2022-09-03,4,1,51,41,5,707,"All ages",2
"454",2022,37,2022-09-10,3,0,24,19,3,625,"All ages",1
"455",2022,38,2022-09-17,4,0,41,34,3,552,"All ages",3
"456",2022,39,2022-09-24,8,2,56,46,3,588,"All ages",1
"457",2022,40,2022-10-01,3,2,57,52,0,448,"All ages",2
"458",2022,41,2022-10-08,4,2,110,84,2,577,"All ages",3
"459",2022,42,2022-10-15,6,2,112,69,6,694,"All ages",5
"460",2022,43,2022-10-22,7,3,109,69,0,617,"All ages",1
"461",2022,44,2022-10-29,11,3,94,70,0,626,"All ages",1
"462",2022,45,2022-11-05,10,7,106,63,2,564,"All ages",0
"463",2022,46,2022-11-12,1,10,75,54,2,587,"All ages",3
"464",2022,47,2022-11-19,8,19,80,57,1,664,"All ages",9
"465",2022,48,2022-11-26,4,27,77,62,1,657,"All ages",7
"466",2022,49,2022-12-03,6,33,69,53,2,667,"All ages",9
"467",2022,50,2022-12-10,6,46,73,59,5,694,"All ages",8
"468",2022,51,2022-12-17,10,66,80,64,0,656,"All ages",9
"469",2022,52,2022-12-24,3,61,49,43,2,774,"All ages",5
"470",2022,53,2022-12-31,2,28,21,19,1,1460,"All ages",2
"471",2023,1,2023-01-07,1,27,17,15,0,1724,NA,6
"472",2023,2,2023-01-14,5,45,23,21,0,3143,NA,5
"473",2023,3,2023-01-21,6,58,11,11,0,2455,NA,4
"474",2023,4,2023-01-28,0,52,16,16,0,1465,NA,2
"475",2023,5,2023-02-04,1,70,20,17,3,1814,NA,6
"476",2023,6,2023-02-11,3,61,15,15,0,1859,NA,10
"477",2023,7,2023-02-18,3,82,28,27,1,1725,NA,9
"478",2023,8,2023-02-25,3,69,24,22,1,1651,NA,7
"479",2023,9,2023-03-04,2,44,40,40,0,1442,NA,6
"480",2023,10,2023-03-11,2,37,54,41,1,1512,NA,3
"481",2023,11,2023-03-18,1,32,90,59,2,1705,NA,7
"482",2023,12,2023-03-25,4,55,117,84,2,2102,NA,14
"483",2023,13,2023-04-01,8,57,151,106,1,2412,NA,10
"484",2023,14,2023-04-08,5,81,168,66,1,2886,NA,13
"485",2023,15,2023-04-15,23,169,288,74,1,5426,NA,24
"486",2023,16,2023-04-22,27,163,257,86,2,6784,NA,38
"487",2023,17,2023-04-29,29,172,277,82,2,7598,NA,51
"488",2023,18,2023-05-06,30,152,301,73,4,7832,NA,40
"489",2023,19,2023-05-13,29,182,228,91,3,8464,NA,38
"490",2023,20,2023-05-20,37,160,221,91,4,8440,NA,50
"491",2023,21,2023-05-27,35,177,309,81,5,8268,NA,70
"492",2023,22,2023-06-03,44,213,272,100,7,7245,NA,71
"493",2023,23,2023-06-10,32,150,148,58,13,4949,NA,78
"494",2023,24,2023-06-17,29,167,206,44,23,5304,NA,101
"495",2023,25,2023-06-24,41,203,239,44,42,4700,NA,151
"496",2023,26,2023-07-01,60,291,338,46,57,5103,NA,191
"497",2023,27,2023-07-08,42,287,270,47,45,4697,NA,180
"498",2023,28,2023-07-15,46,272,245,37,43,4620,NA,190
"499",2023,29,2023-07-22,60,314,204,49,51,5085,NA,226
"500",2023,30,2023-07-29,49,371,141,36,41,5211,NA,180
"501",2023,31,2023-08-05,42,386,132,48,44,5050,NA,182
"502",2023,32,2023-08-12,32,416,103,42,38,5135,NA,153
"503",2023,33,2023-08-19,40,407,114,56,39,5385,NA,123
"504",2023,34,2023-08-26,19,439,135,75,24,5461,NA,101
"505",2023,35,2023-09-02,25,365,132,54,22,4378,NA,76
"506",2023,36,2023-09-09,40,490,167,45,11,6732,NA,132
"507",2023,37,2023-09-16,19,425,154,77,20,6399,NA,104
"508",2023,38,2023-09-23,35,417,314,71,21,6569,NA,83
"509",2023,39,2023-09-30,32,371,281,69,15,6329,NA,100
"510",2023,40,2023-10-07,23,274,272,84,17,7204,NA,96
"511",2023,41,2023-10-14,11,152,173,65,19,5804,NA,59
"512",2023,42,2023-10-21,17,123,176,68,20,5909,NA,67
"513",2023,43,2023-10-28,23,90,189,65,19,5549,NA,59
"514",2023,44,2023-11-04,83,81,335,85,14,6306,NA,88
"515",2023,45,2023-11-11,99,45,332,56,27,6188,NA,84
"516",2023,46,2023-11-18,65,37,245,73,17,5494,NA,87
"517",2023,47,2023-11-25,78,30,265,80,10,6027,NA,88
"518",2023,48,2023-12-02,70,26,246,91,8,5929,NA,78
"519",2023,49,2023-12-09,70,16,236,85,10,5828,NA,66
"520",2023,50,2023-12-16,37,9,172,85,3,5882,NA,87
"521",2023,51,2023-12-23,17,8,141,86,3,5442,NA,45
"522",2023,52,2023-12-30,21,7,194,85,0,6642,NA,70
"523",2024,1,2024-01-06,34,24,212,90,2,7106,NA,77
"524",2024,2,2024-01-13,25,21,204,50,1,7401,NA,109
"525",2024,3,2024-01-20,33,11,172,40,1,6736,NA,92
"526",2024,4,2024-01-27,29,14,171,41,0,6584,NA,83
"527",2024,5,2024-02-03,19,16,212,49,0,7127,NA,97
"528",2024,6,2024-02-10,18,20,190,43,1,6478,NA,106
"529",2024,7,2024-02-17,16,28,228,43,0,7960,NA,161
"530",2024,8,2024-02-24,23,40,242,49,0,8766,NA,212
"531",2024,9,2024-03-02,26,37,216,48,0,7842,NA,226
"532",2024,10,2024-03-09,28,49,205,44,1,8436,NA,227
"533",2024,11,2024-03-16,21,63,199,38,0,8416,NA,252
"534",2024,12,2024-03-23,22,70,262,40,1,8834,NA,287
"535",2024,13,2024-03-30,25,77,217,44,0,7999,NA,259
"536",2024,14,2024-04-06,19,57,179,37,1,7983,NA,210
"537",2024,15,2024-04-13,20,67,142,39,1,7652,NA,237
"538",2024,16,2024-04-20,18,74,132,38,1,8096,NA,237
"539",2024,17,2024-04-27,37,112,188,39,4,8657,NA,244
"540",2024,18,2024-05-04,50,127,267,35,5,9217,NA,234
"541",2024,19,2024-05-11,28,124,213,33,5,8935,NA,202
"542",2024,20,2024-05-18,16,91,182,36,3,8667,NA,136
"543",2024,21,2024-05-25,13,81,183,38,2,8277,NA,132
"544",2024,22,2024-06-01,20,87,189,42,8,8063,NA,102
"545",2024,23,2024-06-08,21,75,125,23,6,7278,NA,97
"546",2024,24,2024-06-15,18,61,156,35,8,7323,NA,121
"547",2024,25,2024-06-22,33,99,240,22,21,7747,NA,96
"548",2024,26,2024-06-29,53,125,302,15,25,8400,NA,96
"549",2024,27,2024-07-06,56,118,272,12,31,7734,NA,88
"550",2024,28,2024-07-13,47,121,238,18,24,7929,NA,66
"551",2024,29,2024-07-20,34,127,196,12,32,7508,NA,49
"552",2024,30,2024-07-27,23,175,175,15,29,8128,NA,56
"553",2024,31,2024-08-03,26,145,149,14,24,7711,NA,70
"554",2024,32,2024-08-10,21,161,172,14,26,8051,NA,59
"555",2024,33,2024-08-17,10,157,141,13,29,7303,NA,42
"556",2024,34,2024-08-24,13,161,139,14,25,7208,NA,48
"557",2024,35,2024-08-31,21,173,154,12,28,7458,NA,41
"558",2024,36,2024-09-07,9,141,173,18,24,7061,NA,29
"559",2024,37,2024-09-14,11,143,189,22,22,6882,NA,45
"560",2024,38,2024-09-21,14,83,236,29,14,6890,NA,32
"561",2024,39,2024-09-28,11,74,264,25,14,6992,NA,34
"562",2024,40,2024-10-05,12,115,285,31,15,6707,NA,38
"563",2024,41,2024-10-12,14,69,274,26,14,6448,NA,18
"564",2024,42,2024-10-19,16,53,252,39,8,6836,NA,11
"565",2024,43,2024-10-26,12,42,230,33,13,6430,NA,17
"566",2024,44,2024-11-02,13,38,192,40,11,6688,NA,12
"567",2024,45,2024-11-09,19,29,201,45,8,6674,NA,29
"568",2024,46,2024-11-16,15,35,242,0,0,7007,NA,32
